drug,ndc_raw,ndc
amphetamine,54092-383-01,54092038301
amphetamine,54092-385-01,54092038501
amphetamine,54092-389-01,54092038901
amphetamine,54092-387-01,54092038701
amphetamine,54092-391-01,54092039101
amphetamine,57844-120-01,57844012001
amphetamine,57844-105-01,57844010501
amphetamine,57844-110-01,57844011001
amphetamine,57844-112-01,57844011201
amphetamine,57844-115-01,57844011501
amphetamine,57844-130-01,57844013001
amphetamine,54092-381-01,54092038101
amphetamine,57844-117-01,57844011701
amphetamine,70165-025-30,70165002530
amphetamine,70165-030-30,70165003030
amphetamine,70165-010-30,70165001030
amphetamine,70165-005-30,70165000530
amphetamine,70165-015-30,70165001530
amphetamine,70165-020-30,70165002030
amphetamine,52536-057-03,52536005703
amphetamine,52536-059-03,52536005903
amphetamine,0527-2524-37,00527252437
amphetamine,0527-2525-37,00527252537
amphetamine,63629-2079-1,63629207901
amphetamine,13107-259-01,13107025901
amphetamine,13107-260-01,13107026001
amphetamine,57664-062-88,57664006288
amphetamine,57664-075-88,57664007588
amphetamine,70010-040-01,70010004001
amphetamine,70010-041-01,70010004101
amphetamine,0406-1219-01,00406121901
amphetamine,0406-1220-01,00406122001
amphetamine,67877-710-01,67877071001
amphetamine,67877-711-01,67877071101
amphetamine,52536-057-10,52536005710
amphetamine,52536-059-10,52536005910
amphetamine,43547-457-10,43547045710
amphetamine,43547-458-10,43547045810
amphetamine,43598-897-01,43598089701
amphetamine,43598-898-01,43598089801
amphetamine,63629-1114-1,63629111401
amphetamine,63629-1115-1,63629111501
amphetamine,69238-1563-1,69238156301
amphetamine,63629-2078-1,63629207801
amphetamine,69238-1564-1,69238156401
amphetamine,69452-227-20,69452022720
amphetamine,69452-228-20,69452022820
amphetamine,63629-2498-1,63629249801
amphetamine,63629-2499-1,63629249901
amphetamine,55292-104-01,55292010401
amphetamine,70868-820-05,70868082005
amphetamine,64896-675-10,64896067510
amphetamine,64896-674-10,64896067410
amphetamine,64896-673-10,64896067310
amphetamine,27808-085-01,27808008501
amphetamine,0406-8884-01,00406888401
amphetamine,0406-8885-01,00406888501
amphetamine,0406-8891-01,00406889101
amphetamine,0406-8892-01,00406889201
amphetamine,0406-8893-01,00406889301
amphetamine,0406-8894-01,00406889401
amphetamine,31722-195-01,31722019501
amphetamine,0115-1486-01,00115148601
amphetamine,0115-1487-01,00115148701
amphetamine,0115-1488-01,00115148801
amphetamine,0115-1489-01,00115148901
amphetamine,0115-1490-01,00115149001
amphetamine,0115-1491-01,00115149101
amphetamine,0185-2098-01,00185209801
amphetamine,71335-2070-1,71335207001
amphetamine,71335-2070-2,71335207002
amphetamine,71335-2070-3,71335207003
amphetamine,71335-1038-1,71335103801
amphetamine,71335-1038-2,71335103802
amphetamine,71335-1038-3,71335103803
amphetamine,71335-1249-1,71335124901
amphetamine,71335-1249-2,71335124902
amphetamine,71335-1249-3,71335124903
amphetamine,71335-1249-4,71335124904
amphetamine,71335-1249-5,71335124905
amphetamine,43602-316-05,43602031605
amphetamine,43602-316-30,43602031630
amphetamine,43602-317-05,43602031705
amphetamine,43602-317-30,43602031730
amphetamine,43602-318-05,43602031805
amphetamine,43602-318-30,43602031830
amphetamine,43602-319-05,43602031905
amphetamine,43602-319-30,43602031930
amphetamine,43602-320-05,43602032005
amphetamine,43602-320-30,43602032030
amphetamine,43602-321-05,43602032105
amphetamine,43602-321-30,43602032130
amphetamine,43975-277-10,43975027710
amphetamine,43975-278-10,43975027810
amphetamine,43975-279-10,43975027910
amphetamine,43975-280-10,43975028010
amphetamine,43975-281-10,43975028110
amphetamine,43975-282-10,43975028210
amphetamine,0527-0790-37,00527079037
amphetamine,0527-0791-37,00527079137
amphetamine,0527-0792-37,00527079237
amphetamine,0527-0793-37,00527079337
amphetamine,0527-0794-37,00527079437
amphetamine,71335-0699-3,71335069903
amphetamine,0185-0831-01,00185083101
amphetamine,0185-0842-01,00185084201
amphetamine,0185-0853-01,00185085301
amphetamine,0185-0864-01,00185086401
amphetamine,71335-0699-5,71335069905
amphetamine,71335-0627-1,71335062701
amphetamine,71335-0627-2,71335062702
amphetamine,71335-0627-3,71335062703
amphetamine,71335-0627-4,71335062704
amphetamine,71335-0627-5,71335062705
amphetamine,71335-0699-2,71335069902
amphetamine,0527-0795-37,00527079537
amphetamine,71335-0699-1,71335069901
amphetamine,63629-1973-1,63629197301
amphetamine,63629-1974-1,63629197401
amphetamine,63629-1975-1,63629197501
amphetamine,63629-1976-1,63629197601
amphetamine,63629-1977-1,63629197701
amphetamine,63629-1978-1,63629197801
amphetamine,71335-0699-4,71335069904
amphetamine,0185-2099-01,00185209901
amphetamine,31722-185-01,31722018501
amphetamine,31722-186-01,31722018601
amphetamine,31722-187-01,31722018701
amphetamine,31722-188-01,31722018801
amphetamine,31722-189-01,31722018901
amphetamine,0228-3059-11,00228305911
amphetamine,0228-3060-11,00228306011
amphetamine,0228-3061-11,00228306111
amphetamine,0228-3062-11,00228306211
amphetamine,0228-3063-11,00228306311
amphetamine,0228-3064-11,00228306411
amphetamine,60687-498-25,60687049825
amphetamine,60687-509-25,60687050925
amphetamine,60687-520-25,60687052025
amphetamine,63629-2103-1,63629210301
amphetamine,63629-2106-1,63629210601
amphetamine,63629-2107-1,63629210701
amphetamine,63629-2108-1,63629210801
amphetamine,63629-2109-1,63629210901
amphetamine,63629-2110-1,63629211001
amphetamine,49884-839-01,49884083901
amphetamine,49884-840-01,49884084001
amphetamine,49884-841-01,49884084101
amphetamine,49884-842-01,49884084201
amphetamine,49884-843-01,49884084301
amphetamine,49884-844-01,49884084401
amphetamine,57664-336-88,57664033688
amphetamine,57664-337-88,57664033788
amphetamine,57664-338-88,57664033888
amphetamine,57664-339-88,57664033988
amphetamine,57664-340-88,57664034088
amphetamine,57664-341-88,57664034188
amphetamine,0527-5510-37,00527551037
amphetamine,0527-5511-37,00527551137
amphetamine,0527-5512-37,00527551237
amphetamine,0527-5513-37,00527551337
amphetamine,0527-5514-37,00527551437
amphetamine,0527-5515-37,00527551537
amphetamine,51407-548-01,51407054801
amphetamine,51407-549-01,51407054901
amphetamine,51407-550-01,51407055001
amphetamine,51407-551-01,51407055101
amphetamine,51407-552-01,51407055201
amphetamine,51407-553-01,51407055301
amphetamine,43975-331-10,43975033110
amphetamine,43975-332-10,43975033210
amphetamine,43975-333-10,43975033310
amphetamine,43975-334-10,43975033410
amphetamine,43975-335-10,43975033510
amphetamine,43975-336-10,43975033610
amphetamine,42858-721-01,42858072101
amphetamine,42858-722-01,42858072201
amphetamine,42858-723-01,42858072301
amphetamine,42858-724-01,42858072401
amphetamine,42858-725-01,42858072501
amphetamine,42858-726-01,42858072601
amphetamine,42858-727-01,42858072701
amphetamine,42858-055-01,42858005501
amphetamine,42858-215-01,42858021501
amphetamine,42858-325-01,42858032501
amphetamine,42858-610-01,42858061001
amphetamine,42858-720-01,42858072001
amphetamine,42858-930-01,42858093001
amphetamine,63629-3729-1,63629372901
amphetamine,63629-3729-2,63629372902
amphetamine,63629-3729-3,63629372903
amphetamine,63629-8279-1,63629827901
amphetamine,63629-8280-1,63629828001
amphetamine,52343-166-01,52343016601
amphetamine,0527-1500-37,00527150037
amphetamine,0527-1500-41,00527150041
amphetamine,0527-1501-37,00527150137
amphetamine,0527-1501-41,00527150141
amphetamine,0527-1502-37,00527150237
amphetamine,0527-1502-41,00527150241
amphetamine,0527-1503-37,00527150337
amphetamine,0527-1503-41,00527150341
amphetamine,0527-1504-37,00527150437
amphetamine,0527-1504-41,00527150441
amphetamine,0527-1505-37,00527150537
amphetamine,0527-1505-41,00527150541
amphetamine,0527-1506-37,00527150637
amphetamine,0527-1506-41,00527150641
amphetamine,52343-160-01,52343016001
amphetamine,13107-068-01,13107006801
amphetamine,13107-068-05,13107006805
amphetamine,13107-068-25,13107006825
amphetamine,13107-068-50,13107006850
amphetamine,13107-068-99,13107006899
amphetamine,13107-069-01,13107006901
amphetamine,13107-069-05,13107006905
amphetamine,13107-069-25,13107006925
amphetamine,13107-069-50,13107006950
amphetamine,13107-069-99,13107006999
amphetamine,13107-070-01,13107007001
amphetamine,13107-070-05,13107007005
amphetamine,13107-070-25,13107007025
amphetamine,13107-070-50,13107007050
amphetamine,13107-070-99,13107007099
amphetamine,13107-071-01,13107007101
amphetamine,13107-071-05,13107007105
amphetamine,13107-071-25,13107007125
amphetamine,13107-071-50,13107007150
amphetamine,13107-071-99,13107007199
amphetamine,13107-072-01,13107007201
amphetamine,13107-072-05,13107007205
amphetamine,13107-072-25,13107007225
amphetamine,13107-072-50,13107007250
amphetamine,13107-072-99,13107007299
amphetamine,13107-073-01,13107007301
amphetamine,13107-073-05,13107007305
amphetamine,13107-073-25,13107007325
amphetamine,13107-073-50,13107007350
amphetamine,13107-073-99,13107007399
amphetamine,13107-074-01,13107007401
amphetamine,13107-074-05,13107007405
amphetamine,13107-074-25,13107007425
amphetamine,13107-074-50,13107007450
amphetamine,13107-074-99,13107007499
amphetamine,16714-948-01,16714094801
amphetamine,16714-949-01,16714094901
amphetamine,16714-950-01,16714095001
amphetamine,16714-951-01,16714095101
amphetamine,16714-952-01,16714095201
amphetamine,16714-953-01,16714095301
amphetamine,16714-954-01,16714095401
amphetamine,71335-1081-1,71335108101
amphetamine,71335-1081-2,71335108102
amphetamine,71335-1081-3,71335108103
amphetamine,52343-162-01,52343016201
amphetamine,42806-339-01,42806033901
amphetamine,11534-190-01,11534019001
amphetamine,11534-195-03,11534019503
amphetamine,11534-190-03,11534019003
amphetamine,11534-194-01,11534019401
amphetamine,11534-192-01,11534019201
amphetamine,11534-193-03,11534019303
amphetamine,11534-194-03,11534019403
amphetamine,11534-195-01,11534019501
amphetamine,11534-196-01,11534019601
amphetamine,52343-164-01,52343016401
amphetamine,42806-341-01,42806034101
amphetamine,42806-344-01,42806034401
amphetamine,72516-011-01,72516001101
amphetamine,72516-012-01,72516001201
amphetamine,72516-013-01,72516001301
amphetamine,72516-014-01,72516001401
amphetamine,72516-015-01,72516001501
amphetamine,72516-016-01,72516001601
amphetamine,0555-0775-02,00555077502
amphetamine,0555-0776-02,00555077602
amphetamine,0555-0777-02,00555077702
amphetamine,0555-0971-02,00555097102
amphetamine,0555-0972-02,00555097202
amphetamine,0555-0973-02,00555097302
amphetamine,0555-0974-02,00555097402
amphetamine,63629-2376-1,63629237601
amphetamine,63629-2378-1,63629237801
amphetamine,63629-2379-1,63629237901
amphetamine,63629-2380-1,63629238001
amphetamine,63629-2381-1,63629238101
amphetamine,63629-2382-1,63629238201
amphetamine,52343-165-01,52343016501
amphetamine,52343-163-01,52343016301
amphetamine,0527-0760-37,00527076037
amphetamine,0527-0761-37,00527076137
amphetamine,0527-0762-37,00527076237
amphetamine,0527-0763-37,00527076337
amphetamine,0527-0764-37,00527076437
amphetamine,0527-0765-37,00527076537
amphetamine,0527-0766-37,00527076637
amphetamine,11534-191-01,11534019101
amphetamine,11534-192-03,11534019203
amphetamine,63629-2377-1,63629237701
amphetamine,42806-345-01,42806034501
amphetamine,42806-343-01,42806034301
amphetamine,63629-3730-1,63629373001
amphetamine,63629-3730-2,63629373002
amphetamine,63629-3730-3,63629373003
amphetamine,63629-3730-4,63629373004
amphetamine,63629-3730-5,63629373005
amphetamine,63629-3731-1,63629373101
amphetamine,63629-3731-2,63629373102
amphetamine,63629-3731-3,63629373103
amphetamine,63629-3731-4,63629373104
amphetamine,63629-3731-5,63629373105
amphetamine,52343-161-01,52343016101
amphetamine,11534-191-03,11534019103
amphetamine,11534-193-01,11534019301
amphetamine,11534-196-03,11534019603
amphetamine,47781-176-01,47781017601
amphetamine,47781-179-01,47781017901
amphetamine,47781-174-01,47781017401
amphetamine,47781-178-01,47781017801
amphetamine,47781-180-01,47781018001
amphetamine,71335-0171-1,71335017101
amphetamine,71335-0171-2,71335017102
amphetamine,71335-0171-3,71335017103
amphetamine,71335-0171-4,71335017104
amphetamine,71335-0171-5,71335017105
amphetamine,66993-596-02,66993059602
amphetamine,66993-599-02,66993059902
amphetamine,16714-805-01,16714080501
amphetamine,43602-982-15,43602098215
amphetamine,43602-982-16,43602098216
amphetamine,43602-983-15,43602098315
amphetamine,43602-983-16,43602098316
amphetamine,43602-984-15,43602098415
amphetamine,43602-984-16,43602098416
amphetamine,43602-985-15,43602098515
amphetamine,43602-985-16,43602098516
amphetamine,43602-986-15,43602098615
amphetamine,43602-986-16,43602098616
amphetamine,43602-987-15,43602098715
amphetamine,43602-987-16,43602098716
amphetamine,43602-988-15,43602098815
amphetamine,43602-988-16,43602098816
amphetamine,60687-644-25,60687064425
amphetamine,57664-642-08,57664064208
amphetamine,16714-808-01,16714080801
amphetamine,16714-807-01,16714080701
amphetamine,16714-803-01,16714080301
amphetamine,16714-806-01,16714080601
amphetamine,16714-802-01,16714080201
amphetamine,16714-804-01,16714080401
amphetamine,57664-641-08,57664064108
amphetamine,66993-594-02,66993059402
amphetamine,66993-598-02,66993059802
amphetamine,66993-597-02,66993059702
amphetamine,43602-370-01,43602037001
amphetamine,43602-370-05,43602037005
amphetamine,43602-371-01,43602037101
amphetamine,43602-371-05,43602037105
amphetamine,43602-372-01,43602037201
amphetamine,43602-372-05,43602037205
amphetamine,43602-373-01,43602037301
amphetamine,43602-373-05,43602037305
amphetamine,43602-374-01,43602037401
amphetamine,43602-374-05,43602037405
amphetamine,43602-375-01,43602037501
amphetamine,43602-375-05,43602037505
amphetamine,43602-376-01,43602037601
amphetamine,43602-376-05,43602037605
amphetamine,66993-595-02,66993059502
amphetamine,31722-155-01,31722015501
amphetamine,31722-156-01,31722015601
amphetamine,31722-157-01,31722015701
amphetamine,31722-158-01,31722015801
amphetamine,31722-159-01,31722015901
amphetamine,31722-163-01,31722016301
amphetamine,31722-164-01,31722016401
amphetamine,0781-2329-01,00781232901
amphetamine,0781-2335-01,00781233501
amphetamine,0781-2343-01,00781234301
amphetamine,0781-2352-01,00781235201
amphetamine,0781-2368-01,00781236801
amphetamine,0781-2371-01,00781237101
amphetamine,57664-644-08,57664064408
amphetamine,57664-645-08,57664064508
amphetamine,57664-647-08,57664064708
amphetamine,57664-643-08,57664064308
amphetamine,57664-646-08,57664064608
amphetamine,75826-126-30,75826012630
amphetamine,51862-346-90,51862034690
amphetamine,13107-035-01,13107003501
amphetamine,13107-035-50,13107003550
amphetamine,13107-035-99,13107003599
amphetamine,13107-036-01,13107003601
amphetamine,13107-036-50,13107003650
amphetamine,13107-036-99,13107003699
amphetamine,45963-303-09,45963030309
amphetamine,52536-500-01,52536050001
amphetamine,0115-9928-10,00115992810
amphetamine,11534-188-01,11534018801
amphetamine,11534-189-01,11534018901
amphetamine,11534-189-03,11534018903
amphetamine,11534-188-03,11534018803
amphetamine,0115-9929-10,00115992910
amphetamine,0115-9927-10,00115992710
amphetamine,45963-304-09,45963030409
amphetamine,0555-0952-02,00555095202
amphetamine,0555-0953-02,00555095302
amphetamine,43386-871-10,43386087110
amphetamine,52536-515-03,52536051503
amphetamine,52536-520-03,52536052003
amphetamine,52536-530-03,52536053003
amphetamine,51862-345-90,51862034590
amphetamine,63629-2374-1,63629237401
amphetamine,63629-2375-1,63629237501
amphetamine,0406-8958-01,00406895801
amphetamine,0406-8959-01,00406895901
amphetamine,0406-8960-01,00406896001
amphetamine,0406-8961-01,00406896101
amphetamine,0406-8962-01,00406896201
amphetamine,51862-344-90,51862034490
amphetamine,43386-870-03,43386087003
amphetamine,43386-871-01,43386087101
amphetamine,10702-065-01,10702006501
amphetamine,10702-065-03,10702006503
amphetamine,10702-065-06,10702006506
amphetamine,10702-066-01,10702006601
amphetamine,10702-066-03,10702006603
amphetamine,10702-066-06,10702006606
amphetamine,66993-359-57,66993035957
amphetamine,43386-870-10,43386087010
amphetamine,43386-871-03,43386087103
amphetamine,52536-500-03,52536050003
amphetamine,52536-510-03,52536051003
amphetamine,75826-120-10,75826012010
amphetamine,75826-120-30,75826012030
amphetamine,75826-121-10,75826012110
amphetamine,75826-121-30,75826012130
amphetamine,75826-122-10,75826012210
amphetamine,75826-122-30,75826012230
amphetamine,75826-123-10,75826012310
amphetamine,75826-123-30,75826012330
amphetamine,75826-124-10,75826012410
amphetamine,75826-124-30,75826012430
amphetamine,75826-125-10,75826012510
amphetamine,45963-305-09,45963030509
amphetamine,75826-125-30,75826012530
amphetamine,75826-126-10,75826012610
amphetamine,43386-870-01,43386087001
amphetamine,24478-106-01,24478010601
amphetamine,24478-108-01,24478010801
amphetamine,24478-109-01,24478010901
amphetamine,24478-110-01,24478011001
amphetamine,24478-102-01,24478010201
amphetamine,27808-102-01,27808010201
amphetamine,24338-022-03,24338002203
amphetamine,24338-026-03,24338002603
amphetamine,24338-022-10,24338002210
amphetamine,24338-026-10,24338002610
amphetamine,24338-031-01,24338003101
amphetamine,24338-033-01,24338003301
amphetamine,24338-035-01,24338003501
amphetamine,24338-037-02,24338003702
amphetamine,24338-045-01,24338004501
amphetamine,0054-0389-25,00054038925
amphetamine,68308-115-01,68308011501
amphetamine,0406-8951-01,00406895101
amphetamine,0406-8952-01,00406895201
amphetamine,0406-8953-01,00406895301
amphetamine,0406-8954-01,00406895401
amphetamine,0406-8955-01,00406895501
amphetamine,0406-8956-01,00406895601
amphetamine,54092-468-01,54092046801
amphetamine,54092-474-01,54092047401
amphetamine,54092-477-01,54092047701
amphetamine,54092-471-01,54092047101
amphetamine,17478-704-12,17478070412
amphetamine,21724-701-05,21724070105
amphetamine,24338-850-03,24338085003
amphetamine,24338-851-03,24338085103
amphetamine,24338-852-03,24338085203
amphetamine,24338-853-03,24338085303
amphetamine,24338-854-03,24338085403
amphetamine,24338-855-03,24338085503
amphetamine,24338-856-03,24338085603
amphetamine,24338-850-10,24338085010
amphetamine,24338-851-10,24338085110
amphetamine,24338-852-10,24338085210
amphetamine,24338-853-10,24338085310
amphetamine,24338-854-10,24338085410
amphetamine,24338-855-10,24338085510
amphetamine,24338-856-10,24338085610
armodafinil,68180-572-07,68180057207
armodafinil,68788-7176-6,68788717606
armodafinil,68788-7826-3,68788782603
armodafinil,68788-7826-6,68788782606
armodafinil,68788-7826-9,68788782609
armodafinil,65862-807-05,65862080705
armodafinil,63629-7390-1,63629739001
armodafinil,63629-7390-2,63629739002
armodafinil,63629-7403-1,63629740301
armodafinil,63629-7403-2,63629740302
armodafinil,71335-1842-1,71335184201
armodafinil,71335-1842-2,71335184202
armodafinil,71335-1842-3,71335184203
armodafinil,72189-041-30,72189004130
armodafinil,72189-133-30,72189013330
armodafinil,59651-047-30,59651004730
armodafinil,65862-805-05,65862080505
armodafinil,65862-806-60,65862080660
armodafinil,71335-1857-1,71335185701
armodafinil,71335-1857-2,71335185702
armodafinil,71335-1857-3,71335185703
armodafinil,68180-571-02,68180057102
armodafinil,0378-3431-93,00378343193
armodafinil,0378-3432-93,00378343293
armodafinil,0378-3433-93,00378343393
armodafinil,72189-353-30,72189035330
armodafinil,65862-806-05,65862080605
armodafinil,65862-806-30,65862080630
armodafinil,65862-807-60,65862080760
armodafinil,0781-8029-31,00781802931
armodafinil,0781-8037-31,00781803731
armodafinil,0781-8045-31,00781804531
armodafinil,0781-8053-31,00781805331
armodafinil,68180-571-07,68180057107
armodafinil,68788-7880-3,68788788003
armodafinil,68788-7880-6,68788788006
armodafinil,68788-7880-9,68788788009
armodafinil,71335-0681-1,71335068101
armodafinil,71335-0681-2,71335068102
armodafinil,71335-0710-1,71335071001
armodafinil,71335-0710-2,71335071002
armodafinil,55700-510-30,55700051030
armodafinil,63629-7390-3,63629739003
armodafinil,63629-7403-3,63629740303
armodafinil,68788-7176-9,68788717609
armodafinil,68180-573-02,68180057302
armodafinil,65862-998-30,65862099830
armodafinil,65862-805-30,65862080530
armodafinil,65862-807-30,65862080730
armodafinil,68788-7222-3,68788722203
armodafinil,68788-7222-6,68788722206
armodafinil,68788-7222-9,68788722209
armodafinil,68788-7593-3,68788759303
armodafinil,68788-7593-6,68788759306
armodafinil,68788-7593-9,68788759309
armodafinil,68788-7176-3,68788717603
armodafinil,68180-569-07,68180056907
armodafinil,65862-805-60,65862080560
armodafinil,68180-572-02,68180057202
armodafinil,68180-573-07,68180057307
armodafinil,72189-261-30,72189026130
armodafinil,71335-0681-3,71335068103
armodafinil,71335-0710-3,71335071003
armodafinil,72789-126-90,72789012690
armodafinil,0093-3090-56,00093309056
armodafinil,0093-3092-56,00093309256
armodafinil,0093-3093-56,00093309356
armodafinil,0093-3094-56,00093309456
armodafinil,71335-1193-1,71335119301
armodafinil,71335-1193-2,71335119302
armodafinil,71335-1193-3,71335119303
armodafinil,71335-1308-1,71335130801
armodafinil,71335-1308-2,71335130802
armodafinil,71335-1308-3,71335130803
armodafinil,63459-215-35,63459021535
armodafinil,63459-225-35,63459022535
armodafinil,63459-205-30,63459020530
armodafinil,63459-215-30,63459021530
armodafinil,63459-220-30,63459022030
armodafinil,63459-225-30,63459022530
armodafinil,63459-220-35,63459022035
atomoxetine,64980-376-10,64980037610
atomoxetine,65841-608-77,65841060877
atomoxetine,65841-610-10,65841061010
atomoxetine,55111-564-30,55111056430
atomoxetine,63629-9427-1,63629942701
atomoxetine,63629-9428-1,63629942801
atomoxetine,68382-216-06,68382021606
atomoxetine,68382-217-06,68382021706
atomoxetine,68382-218-06,68382021806
atomoxetine,68382-219-02,68382021902
atomoxetine,68382-220-06,68382022006
atomoxetine,68382-220-16,68382022016
atomoxetine,68382-223-14,68382022314
atomoxetine,71335-2162-1,71335216201
atomoxetine,0904-6908-04,00904690804
atomoxetine,65841-608-14,65841060814
atomoxetine,65841-609-06,65841060906
atomoxetine,65841-609-10,65841060910
atomoxetine,65841-611-02,65841061102
atomoxetine,65841-611-10,65841061110
atomoxetine,64980-377-10,64980037710
atomoxetine,65862-241-30,65862024130
atomoxetine,65862-242-30,65862024230
atomoxetine,65862-244-30,65862024430
atomoxetine,65841-606-16,65841060616
atomoxetine,68382-217-02,68382021702
atomoxetine,68382-217-14,68382021714
atomoxetine,68382-219-10,68382021910
atomoxetine,68382-223-02,68382022302
atomoxetine,68382-223-16,68382022316
atomoxetine,68462-270-23,68462027023
atomoxetine,68382-217-10,68382021710
atomoxetine,68382-218-16,68382021816
atomoxetine,68382-219-77,68382021977
atomoxetine,68382-223-06,68382022306
atomoxetine,16714-755-01,16714075501
atomoxetine,65841-607-06,65841060706
atomoxetine,65841-609-77,65841060977
atomoxetine,65841-610-02,65841061002
atomoxetine,65841-611-14,65841061114
atomoxetine,65841-611-16,65841061116
atomoxetine,35573-415-30,35573041530
atomoxetine,35573-416-30,35573041630
atomoxetine,35573-417-30,35573041730
atomoxetine,35573-418-30,35573041830
atomoxetine,35573-419-30,35573041930
atomoxetine,35573-420-30,35573042030
atomoxetine,35573-421-30,35573042130
atomoxetine,55111-519-78,55111051978
atomoxetine,55111-520-05,55111052005
atomoxetine,55111-520-30,55111052030
atomoxetine,68382-218-77,68382021877
atomoxetine,65841-608-16,65841060816
atomoxetine,65841-610-14,65841061014
atomoxetine,65862-239-22,65862023922
atomoxetine,65862-238-22,65862023822
atomoxetine,65862-243-05,65862024305
atomoxetine,16714-757-01,16714075701
atomoxetine,16714-759-01,16714075901
atomoxetine,16714-756-01,16714075601
atomoxetine,16714-758-01,16714075801
atomoxetine,16714-760-01,16714076001
atomoxetine,16714-761-01,16714076101
atomoxetine,68462-267-23,68462026723
atomoxetine,68462-268-23,68462026823
atomoxetine,68462-268-30,68462026830
atomoxetine,68462-269-23,68462026923
atomoxetine,68462-269-30,68462026930
atomoxetine,65862-238-30,65862023830
atomoxetine,65862-243-30,65862024330
atomoxetine,55111-520-78,55111052078
atomoxetine,55111-522-78,55111052278
atomoxetine,65862-241-99,65862024199
atomoxetine,65862-242-99,65862024299
atomoxetine,65862-244-05,65862024405
atomoxetine,65841-606-14,65841060614
atomoxetine,65841-607-02,65841060702
atomoxetine,68382-217-77,68382021777
atomoxetine,68382-218-02,68382021802
atomoxetine,68382-219-06,68382021906
atomoxetine,68382-220-02,68382022002
atomoxetine,68382-223-10,68382022310
atomoxetine,65841-606-06,65841060606
atomoxetine,65841-606-10,65841060610
atomoxetine,55111-563-05,55111056305
atomoxetine,55111-563-30,55111056330
atomoxetine,55111-521-30,55111052130
atomoxetine,55111-522-30,55111052230
atomoxetine,64980-376-03,64980037603
atomoxetine,64980-377-03,64980037703
atomoxetine,68462-266-30,68462026630
atomoxetine,68462-267-30,68462026730
atomoxetine,55111-519-05,55111051905
atomoxetine,55111-519-30,55111051930
atomoxetine,68462-271-30,68462027130
atomoxetine,68462-271-51,68462027151
atomoxetine,55111-522-05,55111052205
atomoxetine,55111-528-78,55111052878
atomoxetine,68462-266-23,68462026623
atomoxetine,68462-270-30,68462027030
atomoxetine,64980-374-03,64980037403
atomoxetine,64980-378-03,64980037803
atomoxetine,64980-379-03,64980037903
atomoxetine,65862-239-30,65862023930
atomoxetine,65862-240-30,65862024030
atomoxetine,60687-567-21,60687056721
atomoxetine,31722-714-30,31722071430
atomoxetine,31722-715-30,31722071530
atomoxetine,31722-716-30,31722071630
atomoxetine,31722-717-30,31722071730
atomoxetine,31722-718-30,31722071830
atomoxetine,31722-719-30,31722071930
atomoxetine,31722-720-30,31722072030
atomoxetine,65841-607-14,65841060714
atomoxetine,65841-609-16,65841060916
atomoxetine,65841-610-16,65841061016
atomoxetine,42291-064-30,42291006430
atomoxetine,42291-065-30,42291006530
atomoxetine,42291-066-30,42291006630
atomoxetine,42291-067-30,42291006730
atomoxetine,42291-068-30,42291006830
atomoxetine,42291-069-30,42291006930
atomoxetine,42291-070-30,42291007030
atomoxetine,68462-265-23,68462026523
atomoxetine,68462-265-30,68462026530
atomoxetine,55111-563-78,55111056378
atomoxetine,55111-564-05,55111056405
atomoxetine,55111-564-78,55111056478
atomoxetine,68382-216-02,68382021602
atomoxetine,65841-607-10,65841060710
atomoxetine,65841-608-02,65841060802
atomoxetine,65841-610-06,65841061006
atomoxetine,68382-216-14,68382021614
atomoxetine,68382-218-14,68382021814
atomoxetine,68382-220-14,68382022014
atomoxetine,55111-521-05,55111052105
atomoxetine,64980-373-03,64980037303
atomoxetine,64980-375-03,64980037503
atomoxetine,68382-216-16,68382021616
atomoxetine,68382-219-14,68382021914
atomoxetine,68382-220-77,68382022077
atomoxetine,60687-326-25,60687032625
atomoxetine,65841-606-02,65841060602
atomoxetine,65841-607-16,65841060716
atomoxetine,65841-607-77,65841060777
atomoxetine,65841-608-06,65841060806
atomoxetine,65841-608-10,65841060810
atomoxetine,65841-609-02,65841060902
atomoxetine,65841-609-14,65841060914
atomoxetine,65841-610-77,65841061077
atomoxetine,65841-611-06,65841061106
atomoxetine,65862-240-22,65862024022
atomoxetine,68382-216-10,68382021610
atomoxetine,68382-217-16,68382021716
atomoxetine,68382-218-10,68382021810
atomoxetine,68382-219-16,68382021916
atomoxetine,68382-220-10,68382022010
atomoxetine,0093-3542-56,00093354256
atomoxetine,0093-3543-56,00093354356
atomoxetine,0093-3544-56,00093354456
atomoxetine,0093-3545-56,00093354556
atomoxetine,0093-3546-56,00093354656
atomoxetine,0093-3547-56,00093354756
atomoxetine,0093-3548-56,00093354856
atomoxetine,55111-521-78,55111052178
atomoxetine,55111-528-05,55111052805
atomoxetine,55111-528-30,55111052830
atomoxetine,51407-101-30,51407010130
atomoxetine,51407-104-30,51407010430
atomoxetine,51407-105-30,51407010530
atomoxetine,60505-2834-3,60505283403
atomoxetine,50090-4235-0,50090423500
atomoxetine,50090-4236-0,50090423600
atomoxetine,50090-4237-0,50090423700
atomoxetine,50090-4243-0,50090424300
atomoxetine,50090-4244-0,50090424400
atomoxetine,50268-057-13,50268005713
atomoxetine,50268-058-13,50268005813
atomoxetine,51407-103-30,51407010330
atomoxetine,63629-7828-1,63629782801
atomoxetine,63629-7828-2,63629782802
atomoxetine,60505-2831-3,60505283103
atomoxetine,60505-2832-3,60505283203
atomoxetine,60505-2835-3,60505283503
atomoxetine,60505-2833-3,60505283303
atomoxetine,60505-2836-3,60505283603
atomoxetine,60505-2830-3,60505283003
atomoxetine,51407-100-30,51407010030
atomoxetine,51407-102-30,51407010230
atomoxetine,51407-106-30,51407010630
atomoxetine,0002-3227-30,00002322730
atomoxetine,0002-3228-30,00002322830
atomoxetine,0002-3229-30,00002322930
atomoxetine,0002-3238-30,00002323830
atomoxetine,0002-3239-30,00002323930
atomoxetine,0002-3250-30,00002325030
atomoxetine,0002-3251-30,00002325130
dexmethylphenidate,65038-286-99,65038028699
dexmethylphenidate,65038-429-99,65038042999
dexmethylphenidate,65038-561-99,65038056199
dexmethylphenidate,16714-565-01,16714056501
dexmethylphenidate,16714-566-01,16714056601
dexmethylphenidate,0527-8108-37,00527810837
dexmethylphenidate,0527-8110-37,00527811037
dexmethylphenidate,0527-8111-37,00527811137
dexmethylphenidate,43602-327-05,43602032705
dexmethylphenidate,43602-327-30,43602032730
dexmethylphenidate,43602-328-05,43602032805
dexmethylphenidate,43602-328-30,43602032830
dexmethylphenidate,43602-329-05,43602032905
dexmethylphenidate,55466-122-12,55466012212
dexmethylphenidate,55466-123-12,55466012312
dexmethylphenidate,43386-861-03,43386086103
dexmethylphenidate,43386-862-03,43386086203
dexmethylphenidate,57664-376-83,57664037683
dexmethylphenidate,57664-378-08,57664037808
dexmethylphenidate,43602-329-30,43602032930
dexmethylphenidate,43602-330-05,43602033005
dexmethylphenidate,43602-330-30,43602033030
dexmethylphenidate,43602-331-05,43602033105
dexmethylphenidate,43602-331-30,43602033130
dexmethylphenidate,57664-621-88,57664062188
dexmethylphenidate,57664-622-88,57664062288
dexmethylphenidate,57664-623-88,57664062388
dexmethylphenidate,57664-624-88,57664062488
dexmethylphenidate,57664-625-88,57664062588
dexmethylphenidate,0527-8112-37,00527811237
dexmethylphenidate,0527-8109-37,00527810937
dexmethylphenidate,16714-567-01,16714056701
dexmethylphenidate,16714-568-01,16714056801
dexmethylphenidate,16714-569-01,16714056901
dexmethylphenidate,57664-626-88,57664062688
dexmethylphenidate,57664-628-88,57664062888
dexmethylphenidate,57664-629-88,57664062988
dexmethylphenidate,63629-2171-1,63629217101
dexmethylphenidate,63629-2172-1,63629217201
dexmethylphenidate,63629-2173-1,63629217301
dexmethylphenidate,63629-2174-1,63629217401
dexmethylphenidate,63629-2175-1,63629217501
dexmethylphenidate,63629-2176-1,63629217601
dexmethylphenidate,63629-2177-1,63629217701
dexmethylphenidate,63629-2178-1,63629217801
dexmethylphenidate,57664-376-18,57664037618
dexmethylphenidate,0527-8113-37,00527811337
dexmethylphenidate,57664-376-88,57664037688
dexmethylphenidate,42858-225-01,42858022501
dexmethylphenidate,42858-410-01,42858041001
dexmethylphenidate,57664-378-13,57664037813
dexmethylphenidate,57664-378-83,57664037883
dexmethylphenidate,57664-378-88,57664037888
dexmethylphenidate,57664-379-88,57664037988
dexmethylphenidate,57664-376-13,57664037613
dexmethylphenidate,57664-379-08,57664037908
dexmethylphenidate,0093-5045-01,00093504501
dexmethylphenidate,43386-860-01,43386086001
dexmethylphenidate,57664-379-13,57664037913
dexmethylphenidate,57664-379-18,57664037918
dexmethylphenidate,63629-2305-1,63629230501
dexmethylphenidate,63629-2306-1,63629230601
dexmethylphenidate,63629-2307-1,63629230701
dexmethylphenidate,0115-9918-01,00115991801
dexmethylphenidate,0115-9919-01,00115991901
dexmethylphenidate,0115-9920-01,00115992001
dexmethylphenidate,0115-9921-01,00115992101
dexmethylphenidate,0115-9922-01,00115992201
dexmethylphenidate,57664-379-83,57664037983
dexmethylphenidate,31722-229-01,31722022901
dexmethylphenidate,43602-332-05,43602033205
dexmethylphenidate,10702-106-01,10702010601
dexmethylphenidate,10702-107-01,10702010701
dexmethylphenidate,10702-108-01,10702010801
dexmethylphenidate,42858-011-01,42858001101
dexmethylphenidate,43602-332-30,43602033230
dexmethylphenidate,43602-333-05,43602033305
dexmethylphenidate,43602-333-30,43602033330
dexmethylphenidate,43602-334-05,43602033405
dexmethylphenidate,43602-334-30,43602033430
dexmethylphenidate,43386-860-03,43386086003
dexmethylphenidate,43386-860-10,43386086010
dexmethylphenidate,43386-861-01,43386086101
dexmethylphenidate,31722-230-01,31722023001
dexmethylphenidate,31722-231-01,31722023101
dexmethylphenidate,31722-232-01,31722023201
dexmethylphenidate,31722-233-01,31722023301
dexmethylphenidate,31722-234-01,31722023401
dexmethylphenidate,31722-235-01,31722023501
dexmethylphenidate,31722-236-01,31722023601
dexmethylphenidate,27808-091-01,27808009101
dexmethylphenidate,27808-092-01,27808009201
dexmethylphenidate,27808-093-01,27808009301
dexmethylphenidate,67877-655-01,67877065501
dexmethylphenidate,67877-655-05,67877065505
dexmethylphenidate,67877-655-30,67877065530
dexmethylphenidate,67877-656-01,67877065601
dexmethylphenidate,67877-656-05,67877065605
dexmethylphenidate,67877-656-30,67877065630
dexmethylphenidate,67877-657-01,67877065701
dexmethylphenidate,67877-657-05,67877065705
dexmethylphenidate,67877-657-30,67877065730
dexmethylphenidate,57664-376-08,57664037608
dexmethylphenidate,57664-378-18,57664037818
dexmethylphenidate,43386-862-01,43386086201
dexmethylphenidate,0115-1682-01,00115168201
dexmethylphenidate,0115-1683-01,00115168301
dexmethylphenidate,0115-1684-01,00115168401
dexmethylphenidate,0115-1685-01,00115168501
dexmethylphenidate,0115-1686-01,00115168601
dexmethylphenidate,0115-1709-01,00115170901
dexmethylphenidate,0115-1710-01,00115171001
dexmethylphenidate,0781-2682-01,00781268201
dexmethylphenidate,0781-2683-01,00781268301
dexmethylphenidate,0781-2684-01,00781268401
dexmethylphenidate,0781-2685-01,00781268501
dexmethylphenidate,0781-2686-01,00781268601
dexmethylphenidate,0781-2687-01,00781268701
dexmethylphenidate,0781-2688-01,00781268801
dexmethylphenidate,0781-2689-01,00781268901
dexmethylphenidate,43386-861-10,43386086110
dexmethylphenidate,0527-8106-37,00527810637
dexmethylphenidate,0527-8107-37,00527810737
dexmethylphenidate,70010-004-01,70010000401
dexmethylphenidate,70010-005-01,70010000501
dexmethylphenidate,70010-006-01,70010000601
dexmethylphenidate,70010-007-01,70010000701
dexmethylphenidate,70010-008-01,70010000801
dexmethylphenidate,70010-009-01,70010000901
dexmethylphenidate,70010-010-01,70010001001
dexmethylphenidate,70010-011-01,70010001101
dexmethylphenidate,0093-5550-01,00093555001
dexmethylphenidate,0093-5551-01,00093555101
dexmethylphenidate,0093-5552-01,00093555201
dexmethylphenidate,0093-5553-01,00093555301
dexmethylphenidate,0093-5554-01,00093555401
dexmethylphenidate,0093-5562-01,00093556201
dexmethylphenidate,0093-5046-01,00093504601
dexmethylphenidate,43386-862-10,43386086210
dexmethylphenidate,16714-562-01,16714056201
dexmethylphenidate,16714-563-01,16714056301
dexmethylphenidate,16714-564-01,16714056401
dexmethylphenidate,0078-0380-05,00078038005
dexmethylphenidate,0078-0381-05,00078038105
dexmethylphenidate,0078-0382-05,00078038205
dexmethylphenidate,0078-0430-05,00078043005
dexmethylphenidate,0078-0431-05,00078043105
dexmethylphenidate,0078-0432-05,00078043205
dexmethylphenidate,0078-0433-05,00078043305
dexmethylphenidate,0078-0434-05,00078043405
dexmethylphenidate,0078-0493-05,00078049305
dexmethylphenidate,0078-0608-05,00078060805
dexmethylphenidate,0078-0609-05,00078060905
dextroamphetamine,54092-383-01,54092038301
dextroamphetamine,54092-385-01,54092038501
dextroamphetamine,54092-389-01,54092038901
dextroamphetamine,54092-387-01,54092038701
dextroamphetamine,54092-391-01,54092039101
dextroamphetamine,57844-120-01,57844012001
dextroamphetamine,57844-105-01,57844010501
dextroamphetamine,57844-110-01,57844011001
dextroamphetamine,57844-112-01,57844011201
dextroamphetamine,57844-115-01,57844011501
dextroamphetamine,57844-130-01,57844013001
dextroamphetamine,54092-381-01,54092038101
dextroamphetamine,57844-117-01,57844011701
dextroamphetamine,64896-675-10,64896067510
dextroamphetamine,64896-674-10,64896067410
dextroamphetamine,64896-673-10,64896067310
dextroamphetamine,27808-085-01,27808008501
dextroamphetamine,0406-8884-01,00406888401
dextroamphetamine,0406-8885-01,00406888501
dextroamphetamine,0406-8891-01,00406889101
dextroamphetamine,0406-8892-01,00406889201
dextroamphetamine,0406-8893-01,00406889301
dextroamphetamine,0406-8894-01,00406889401
dextroamphetamine,31722-195-01,31722019501
dextroamphetamine,0115-1486-01,00115148601
dextroamphetamine,0115-1487-01,00115148701
dextroamphetamine,0115-1488-01,00115148801
dextroamphetamine,0115-1489-01,00115148901
dextroamphetamine,0115-1490-01,00115149001
dextroamphetamine,0115-1491-01,00115149101
dextroamphetamine,0185-2098-01,00185209801
dextroamphetamine,71335-2070-1,71335207001
dextroamphetamine,71335-2070-2,71335207002
dextroamphetamine,71335-2070-3,71335207003
dextroamphetamine,71335-1038-1,71335103801
dextroamphetamine,71335-1038-2,71335103802
dextroamphetamine,71335-1038-3,71335103803
dextroamphetamine,71335-1249-1,71335124901
dextroamphetamine,71335-1249-2,71335124902
dextroamphetamine,71335-1249-3,71335124903
dextroamphetamine,71335-1249-4,71335124904
dextroamphetamine,71335-1249-5,71335124905
dextroamphetamine,43602-316-05,43602031605
dextroamphetamine,43602-316-30,43602031630
dextroamphetamine,43602-317-05,43602031705
dextroamphetamine,43602-317-30,43602031730
dextroamphetamine,43602-318-05,43602031805
dextroamphetamine,43602-318-30,43602031830
dextroamphetamine,43602-319-05,43602031905
dextroamphetamine,43602-319-30,43602031930
dextroamphetamine,43602-320-05,43602032005
dextroamphetamine,43602-320-30,43602032030
dextroamphetamine,43602-321-05,43602032105
dextroamphetamine,43602-321-30,43602032130
dextroamphetamine,43975-277-10,43975027710
dextroamphetamine,43975-278-10,43975027810
dextroamphetamine,43975-279-10,43975027910
dextroamphetamine,43975-280-10,43975028010
dextroamphetamine,43975-281-10,43975028110
dextroamphetamine,43975-282-10,43975028210
dextroamphetamine,0527-0790-37,00527079037
dextroamphetamine,0527-0791-37,00527079137
dextroamphetamine,0527-0792-37,00527079237
dextroamphetamine,0527-0793-37,00527079337
dextroamphetamine,0527-0794-37,00527079437
dextroamphetamine,71335-0699-3,71335069903
dextroamphetamine,0185-0831-01,00185083101
dextroamphetamine,0185-0842-01,00185084201
dextroamphetamine,0185-0853-01,00185085301
dextroamphetamine,0185-0864-01,00185086401
dextroamphetamine,71335-0699-5,71335069905
dextroamphetamine,71335-0627-1,71335062701
dextroamphetamine,71335-0627-2,71335062702
dextroamphetamine,71335-0627-3,71335062703
dextroamphetamine,71335-0627-4,71335062704
dextroamphetamine,71335-0627-5,71335062705
dextroamphetamine,71335-0699-2,71335069902
dextroamphetamine,0527-0795-37,00527079537
dextroamphetamine,71335-0699-1,71335069901
dextroamphetamine,63629-1973-1,63629197301
dextroamphetamine,63629-1974-1,63629197401
dextroamphetamine,63629-1975-1,63629197501
dextroamphetamine,63629-1976-1,63629197601
dextroamphetamine,63629-1977-1,63629197701
dextroamphetamine,63629-1978-1,63629197801
dextroamphetamine,71335-0699-4,71335069904
dextroamphetamine,0185-2099-01,00185209901
dextroamphetamine,31722-185-01,31722018501
dextroamphetamine,31722-186-01,31722018601
dextroamphetamine,31722-187-01,31722018701
dextroamphetamine,31722-188-01,31722018801
dextroamphetamine,31722-189-01,31722018901
dextroamphetamine,0228-3059-11,00228305911
dextroamphetamine,0228-3060-11,00228306011
dextroamphetamine,0228-3061-11,00228306111
dextroamphetamine,0228-3062-11,00228306211
dextroamphetamine,0228-3063-11,00228306311
dextroamphetamine,0228-3064-11,00228306411
dextroamphetamine,60687-498-25,60687049825
dextroamphetamine,60687-509-25,60687050925
dextroamphetamine,60687-520-25,60687052025
dextroamphetamine,63629-2103-1,63629210301
dextroamphetamine,63629-2106-1,63629210601
dextroamphetamine,63629-2107-1,63629210701
dextroamphetamine,63629-2108-1,63629210801
dextroamphetamine,63629-2109-1,63629210901
dextroamphetamine,63629-2110-1,63629211001
dextroamphetamine,49884-839-01,49884083901
dextroamphetamine,49884-840-01,49884084001
dextroamphetamine,49884-841-01,49884084101
dextroamphetamine,49884-842-01,49884084201
dextroamphetamine,49884-843-01,49884084301
dextroamphetamine,49884-844-01,49884084401
dextroamphetamine,57664-336-88,57664033688
dextroamphetamine,57664-337-88,57664033788
dextroamphetamine,57664-338-88,57664033888
dextroamphetamine,57664-339-88,57664033988
dextroamphetamine,57664-340-88,57664034088
dextroamphetamine,57664-341-88,57664034188
dextroamphetamine,0527-5510-37,00527551037
dextroamphetamine,0527-5511-37,00527551137
dextroamphetamine,0527-5512-37,00527551237
dextroamphetamine,0527-5513-37,00527551337
dextroamphetamine,0527-5514-37,00527551437
dextroamphetamine,0527-5515-37,00527551537
dextroamphetamine,51407-548-01,51407054801
dextroamphetamine,51407-549-01,51407054901
dextroamphetamine,51407-550-01,51407055001
dextroamphetamine,51407-551-01,51407055101
dextroamphetamine,51407-552-01,51407055201
dextroamphetamine,51407-553-01,51407055301
dextroamphetamine,43975-331-10,43975033110
dextroamphetamine,43975-332-10,43975033210
dextroamphetamine,43975-333-10,43975033310
dextroamphetamine,43975-334-10,43975033410
dextroamphetamine,43975-335-10,43975033510
dextroamphetamine,43975-336-10,43975033610
dextroamphetamine,42858-721-01,42858072101
dextroamphetamine,42858-722-01,42858072201
dextroamphetamine,42858-723-01,42858072301
dextroamphetamine,42858-724-01,42858072401
dextroamphetamine,42858-725-01,42858072501
dextroamphetamine,42858-726-01,42858072601
dextroamphetamine,42858-727-01,42858072701
dextroamphetamine,42858-055-01,42858005501
dextroamphetamine,42858-215-01,42858021501
dextroamphetamine,42858-325-01,42858032501
dextroamphetamine,42858-610-01,42858061001
dextroamphetamine,42858-720-01,42858072001
dextroamphetamine,42858-930-01,42858093001
dextroamphetamine,63629-3729-1,63629372901
dextroamphetamine,63629-3729-2,63629372902
dextroamphetamine,63629-3729-3,63629372903
dextroamphetamine,63629-8279-1,63629827901
dextroamphetamine,63629-8280-1,63629828001
dextroamphetamine,52343-166-01,52343016601
dextroamphetamine,0527-1500-37,00527150037
dextroamphetamine,0527-1500-41,00527150041
dextroamphetamine,0527-1501-37,00527150137
dextroamphetamine,0527-1501-41,00527150141
dextroamphetamine,0527-1502-37,00527150237
dextroamphetamine,0527-1502-41,00527150241
dextroamphetamine,0527-1503-37,00527150337
dextroamphetamine,0527-1503-41,00527150341
dextroamphetamine,0527-1504-37,00527150437
dextroamphetamine,0527-1504-41,00527150441
dextroamphetamine,0527-1505-37,00527150537
dextroamphetamine,0527-1505-41,00527150541
dextroamphetamine,0527-1506-37,00527150637
dextroamphetamine,0527-1506-41,00527150641
dextroamphetamine,52343-160-01,52343016001
dextroamphetamine,13107-068-01,13107006801
dextroamphetamine,13107-068-05,13107006805
dextroamphetamine,13107-068-25,13107006825
dextroamphetamine,13107-068-50,13107006850
dextroamphetamine,13107-068-99,13107006899
dextroamphetamine,13107-069-01,13107006901
dextroamphetamine,13107-069-05,13107006905
dextroamphetamine,13107-069-25,13107006925
dextroamphetamine,13107-069-50,13107006950
dextroamphetamine,13107-069-99,13107006999
dextroamphetamine,13107-070-01,13107007001
dextroamphetamine,13107-070-05,13107007005
dextroamphetamine,13107-070-25,13107007025
dextroamphetamine,13107-070-50,13107007050
dextroamphetamine,13107-070-99,13107007099
dextroamphetamine,13107-071-01,13107007101
dextroamphetamine,13107-071-05,13107007105
dextroamphetamine,13107-071-25,13107007125
dextroamphetamine,13107-071-50,13107007150
dextroamphetamine,13107-071-99,13107007199
dextroamphetamine,13107-072-01,13107007201
dextroamphetamine,13107-072-05,13107007205
dextroamphetamine,13107-072-25,13107007225
dextroamphetamine,13107-072-50,13107007250
dextroamphetamine,13107-072-99,13107007299
dextroamphetamine,13107-073-01,13107007301
dextroamphetamine,13107-073-05,13107007305
dextroamphetamine,13107-073-25,13107007325
dextroamphetamine,13107-073-50,13107007350
dextroamphetamine,13107-073-99,13107007399
dextroamphetamine,13107-074-01,13107007401
dextroamphetamine,13107-074-05,13107007405
dextroamphetamine,13107-074-25,13107007425
dextroamphetamine,13107-074-50,13107007450
dextroamphetamine,13107-074-99,13107007499
dextroamphetamine,16714-948-01,16714094801
dextroamphetamine,16714-949-01,16714094901
dextroamphetamine,16714-950-01,16714095001
dextroamphetamine,16714-951-01,16714095101
dextroamphetamine,16714-952-01,16714095201
dextroamphetamine,16714-953-01,16714095301
dextroamphetamine,16714-954-01,16714095401
dextroamphetamine,71335-1081-1,71335108101
dextroamphetamine,71335-1081-2,71335108102
dextroamphetamine,71335-1081-3,71335108103
dextroamphetamine,52343-162-01,52343016201
dextroamphetamine,42806-339-01,42806033901
dextroamphetamine,11534-190-01,11534019001
dextroamphetamine,11534-195-03,11534019503
dextroamphetamine,11534-190-03,11534019003
dextroamphetamine,11534-194-01,11534019401
dextroamphetamine,11534-192-01,11534019201
dextroamphetamine,11534-193-03,11534019303
dextroamphetamine,11534-194-03,11534019403
dextroamphetamine,11534-195-01,11534019501
dextroamphetamine,11534-196-01,11534019601
dextroamphetamine,52343-164-01,52343016401
dextroamphetamine,42806-341-01,42806034101
dextroamphetamine,42806-344-01,42806034401
dextroamphetamine,72516-011-01,72516001101
dextroamphetamine,72516-012-01,72516001201
dextroamphetamine,72516-013-01,72516001301
dextroamphetamine,72516-014-01,72516001401
dextroamphetamine,72516-015-01,72516001501
dextroamphetamine,72516-016-01,72516001601
dextroamphetamine,0555-0775-02,00555077502
dextroamphetamine,0555-0776-02,00555077602
dextroamphetamine,0555-0777-02,00555077702
dextroamphetamine,0555-0971-02,00555097102
dextroamphetamine,0555-0972-02,00555097202
dextroamphetamine,0555-0973-02,00555097302
dextroamphetamine,0555-0974-02,00555097402
dextroamphetamine,63629-2376-1,63629237601
dextroamphetamine,63629-2378-1,63629237801
dextroamphetamine,63629-2379-1,63629237901
dextroamphetamine,63629-2380-1,63629238001
dextroamphetamine,63629-2381-1,63629238101
dextroamphetamine,63629-2382-1,63629238201
dextroamphetamine,52343-165-01,52343016501
dextroamphetamine,52343-163-01,52343016301
dextroamphetamine,0527-0760-37,00527076037
dextroamphetamine,0527-0761-37,00527076137
dextroamphetamine,0527-0762-37,00527076237
dextroamphetamine,0527-0763-37,00527076337
dextroamphetamine,0527-0764-37,00527076437
dextroamphetamine,0527-0765-37,00527076537
dextroamphetamine,0527-0766-37,00527076637
dextroamphetamine,11534-191-01,11534019101
dextroamphetamine,11534-192-03,11534019203
dextroamphetamine,63629-2377-1,63629237701
dextroamphetamine,42806-345-01,42806034501
dextroamphetamine,42806-343-01,42806034301
dextroamphetamine,63629-3730-1,63629373001
dextroamphetamine,63629-3730-2,63629373002
dextroamphetamine,63629-3730-3,63629373003
dextroamphetamine,63629-3730-4,63629373004
dextroamphetamine,63629-3730-5,63629373005
dextroamphetamine,63629-3731-1,63629373101
dextroamphetamine,63629-3731-2,63629373102
dextroamphetamine,63629-3731-3,63629373103
dextroamphetamine,63629-3731-4,63629373104
dextroamphetamine,63629-3731-5,63629373105
dextroamphetamine,52343-161-01,52343016101
dextroamphetamine,11534-191-03,11534019103
dextroamphetamine,11534-193-01,11534019301
dextroamphetamine,11534-196-03,11534019603
dextroamphetamine,47781-176-01,47781017601
dextroamphetamine,47781-179-01,47781017901
dextroamphetamine,47781-174-01,47781017401
dextroamphetamine,47781-178-01,47781017801
dextroamphetamine,47781-180-01,47781018001
dextroamphetamine,71335-0171-1,71335017101
dextroamphetamine,71335-0171-2,71335017102
dextroamphetamine,71335-0171-3,71335017103
dextroamphetamine,71335-0171-4,71335017104
dextroamphetamine,71335-0171-5,71335017105
dextroamphetamine,66993-596-02,66993059602
dextroamphetamine,66993-599-02,66993059902
dextroamphetamine,16714-805-01,16714080501
dextroamphetamine,43602-982-15,43602098215
dextroamphetamine,43602-982-16,43602098216
dextroamphetamine,43602-983-15,43602098315
dextroamphetamine,43602-983-16,43602098316
dextroamphetamine,43602-984-15,43602098415
dextroamphetamine,43602-984-16,43602098416
dextroamphetamine,43602-985-15,43602098515
dextroamphetamine,43602-985-16,43602098516
dextroamphetamine,43602-986-15,43602098615
dextroamphetamine,43602-986-16,43602098616
dextroamphetamine,43602-987-15,43602098715
dextroamphetamine,43602-987-16,43602098716
dextroamphetamine,43602-988-15,43602098815
dextroamphetamine,43602-988-16,43602098816
dextroamphetamine,60687-644-25,60687064425
dextroamphetamine,57664-642-08,57664064208
dextroamphetamine,16714-808-01,16714080801
dextroamphetamine,16714-807-01,16714080701
dextroamphetamine,16714-803-01,16714080301
dextroamphetamine,16714-806-01,16714080601
dextroamphetamine,16714-802-01,16714080201
dextroamphetamine,16714-804-01,16714080401
dextroamphetamine,57664-641-08,57664064108
dextroamphetamine,66993-594-02,66993059402
dextroamphetamine,66993-598-02,66993059802
dextroamphetamine,66993-597-02,66993059702
dextroamphetamine,43602-370-01,43602037001
dextroamphetamine,43602-370-05,43602037005
dextroamphetamine,43602-371-01,43602037101
dextroamphetamine,43602-371-05,43602037105
dextroamphetamine,43602-372-01,43602037201
dextroamphetamine,43602-372-05,43602037205
dextroamphetamine,43602-373-01,43602037301
dextroamphetamine,43602-373-05,43602037305
dextroamphetamine,43602-374-01,43602037401
dextroamphetamine,43602-374-05,43602037405
dextroamphetamine,43602-375-01,43602037501
dextroamphetamine,43602-375-05,43602037505
dextroamphetamine,43602-376-01,43602037601
dextroamphetamine,43602-376-05,43602037605
dextroamphetamine,66993-595-02,66993059502
dextroamphetamine,31722-155-01,31722015501
dextroamphetamine,31722-156-01,31722015601
dextroamphetamine,31722-157-01,31722015701
dextroamphetamine,31722-158-01,31722015801
dextroamphetamine,31722-159-01,31722015901
dextroamphetamine,31722-163-01,31722016301
dextroamphetamine,31722-164-01,31722016401
dextroamphetamine,0781-2329-01,00781232901
dextroamphetamine,0781-2335-01,00781233501
dextroamphetamine,0781-2343-01,00781234301
dextroamphetamine,0781-2352-01,00781235201
dextroamphetamine,0781-2368-01,00781236801
dextroamphetamine,0781-2371-01,00781237101
dextroamphetamine,57664-644-08,57664064408
dextroamphetamine,57664-645-08,57664064508
dextroamphetamine,57664-647-08,57664064708
dextroamphetamine,57664-643-08,57664064308
dextroamphetamine,57664-646-08,57664064608
dextroamphetamine,75826-126-30,75826012630
dextroamphetamine,51862-346-90,51862034690
dextroamphetamine,13107-035-01,13107003501
dextroamphetamine,13107-035-50,13107003550
dextroamphetamine,13107-035-99,13107003599
dextroamphetamine,13107-036-01,13107003601
dextroamphetamine,13107-036-50,13107003650
dextroamphetamine,13107-036-99,13107003699
dextroamphetamine,45963-303-09,45963030309
dextroamphetamine,52536-500-01,52536050001
dextroamphetamine,0115-9928-10,00115992810
dextroamphetamine,11534-188-01,11534018801
dextroamphetamine,11534-189-01,11534018901
dextroamphetamine,11534-189-03,11534018903
dextroamphetamine,11534-188-03,11534018803
dextroamphetamine,0115-9929-10,00115992910
dextroamphetamine,0115-9927-10,00115992710
dextroamphetamine,45963-304-09,45963030409
dextroamphetamine,0555-0952-02,00555095202
dextroamphetamine,0555-0953-02,00555095302
dextroamphetamine,43386-871-10,43386087110
dextroamphetamine,52536-515-03,52536051503
dextroamphetamine,52536-520-03,52536052003
dextroamphetamine,52536-530-03,52536053003
dextroamphetamine,51862-345-90,51862034590
dextroamphetamine,63629-2374-1,63629237401
dextroamphetamine,63629-2375-1,63629237501
dextroamphetamine,0406-8958-01,00406895801
dextroamphetamine,0406-8959-01,00406895901
dextroamphetamine,0406-8960-01,00406896001
dextroamphetamine,0406-8961-01,00406896101
dextroamphetamine,0406-8962-01,00406896201
dextroamphetamine,51862-344-90,51862034490
dextroamphetamine,43386-870-03,43386087003
dextroamphetamine,43386-871-01,43386087101
dextroamphetamine,10702-065-01,10702006501
dextroamphetamine,10702-065-03,10702006503
dextroamphetamine,10702-065-06,10702006506
dextroamphetamine,10702-066-01,10702006601
dextroamphetamine,10702-066-03,10702006603
dextroamphetamine,10702-066-06,10702006606
dextroamphetamine,66993-359-57,66993035957
dextroamphetamine,43386-870-10,43386087010
dextroamphetamine,43386-871-03,43386087103
dextroamphetamine,52536-500-03,52536050003
dextroamphetamine,52536-510-03,52536051003
dextroamphetamine,75826-120-10,75826012010
dextroamphetamine,75826-120-30,75826012030
dextroamphetamine,75826-121-10,75826012110
dextroamphetamine,75826-121-30,75826012130
dextroamphetamine,75826-122-10,75826012210
dextroamphetamine,75826-122-30,75826012230
dextroamphetamine,75826-123-10,75826012310
dextroamphetamine,75826-123-30,75826012330
dextroamphetamine,75826-124-10,75826012410
dextroamphetamine,75826-124-30,75826012430
dextroamphetamine,75826-125-10,75826012510
dextroamphetamine,45963-305-09,45963030509
dextroamphetamine,75826-125-30,75826012530
dextroamphetamine,75826-126-10,75826012610
dextroamphetamine,43386-870-01,43386087001
dextroamphetamine,0406-8951-01,00406895101
dextroamphetamine,0406-8952-01,00406895201
dextroamphetamine,0406-8953-01,00406895301
dextroamphetamine,0406-8954-01,00406895401
dextroamphetamine,0406-8955-01,00406895501
dextroamphetamine,0406-8956-01,00406895601
dextroamphetamine,54092-468-01,54092046801
dextroamphetamine,54092-474-01,54092047401
dextroamphetamine,54092-477-01,54092047701
dextroamphetamine,54092-471-01,54092047101
dextroamphetamine,21724-701-05,21724070105
dextroamphetamine,24338-850-03,24338085003
dextroamphetamine,24338-851-03,24338085103
dextroamphetamine,24338-852-03,24338085203
dextroamphetamine,24338-853-03,24338085303
dextroamphetamine,24338-854-03,24338085403
dextroamphetamine,24338-855-03,24338085503
dextroamphetamine,24338-856-03,24338085603
dextroamphetamine,24338-850-10,24338085010
dextroamphetamine,24338-851-10,24338085110
dextroamphetamine,24338-852-10,24338085210
dextroamphetamine,24338-853-10,24338085310
dextroamphetamine,24338-854-10,24338085410
dextroamphetamine,24338-855-10,24338085510
dextroamphetamine,24338-856-10,24338085610
lisdexamfetamine,59417-106-10,59417010610
lisdexamfetamine,59417-117-01,59417011701
lisdexamfetamine,59417-118-01,59417011801
lisdexamfetamine,59417-120-01,59417012001
lisdexamfetamine,59417-103-10,59417010310
lisdexamfetamine,59417-104-10,59417010410
lisdexamfetamine,59417-105-10,59417010510
lisdexamfetamine,59417-107-10,59417010710
lisdexamfetamine,59417-115-01,59417011501
lisdexamfetamine,59417-119-01,59417011901
lisdexamfetamine,59417-101-10,59417010110
lisdexamfetamine,59417-102-10,59417010210
lisdexamfetamine,59417-116-01,59417011601
methamphetamine,55292-104-01,55292010401
methamphetamine,70868-820-05,70868082005
methamphetamine,0054-0389-25,00054038925
methamphetamine,68308-115-01,68308011501
methylphenidate,72912-525-30,72912052530
methylphenidate,72912-535-30,72912053530
methylphenidate,72912-545-30,72912054530
methylphenidate,72912-555-30,72912055530
methylphenidate,72912-570-30,72912057030
methylphenidate,72912-585-30,72912058530
methylphenidate,42858-401-45,42858040145
methylphenidate,42858-403-45,42858040345
methylphenidate,42858-404-45,42858040445
methylphenidate,42858-405-45,42858040545
methylphenidate,42858-406-45,42858040645
methylphenidate,42858-402-45,42858040245
methylphenidate,42858-407-45,42858040745
methylphenidate,65038-286-99,65038028699
methylphenidate,65038-429-99,65038042999
methylphenidate,65038-561-99,65038056199
methylphenidate,50458-588-01,50458058801
methylphenidate,50458-587-01,50458058701
methylphenidate,50458-586-01,50458058601
methylphenidate,50458-585-01,50458058501
methylphenidate,70165-300-30,70165030030
methylphenidate,70165-100-30,70165010030
methylphenidate,70165-200-30,70165020030
methylphenidate,68968-5552-3,68968555203
methylphenidate,68968-5553-3,68968555303
methylphenidate,68968-5554-3,68968555403
methylphenidate,68968-5555-3,68968555503
methylphenidate,16714-565-01,16714056501
methylphenidate,16714-566-01,16714056601
methylphenidate,0527-8108-37,00527810837
methylphenidate,0527-8110-37,00527811037
methylphenidate,0527-8111-37,00527811137
methylphenidate,43602-327-05,43602032705
methylphenidate,43602-327-30,43602032730
methylphenidate,43602-328-05,43602032805
methylphenidate,43602-328-30,43602032830
methylphenidate,43602-329-05,43602032905
methylphenidate,55466-122-12,55466012212
methylphenidate,55466-123-12,55466012312
methylphenidate,43386-861-03,43386086103
methylphenidate,43386-862-03,43386086203
methylphenidate,57664-376-83,57664037683
methylphenidate,57664-378-08,57664037808
methylphenidate,43602-329-30,43602032930
methylphenidate,43602-330-05,43602033005
methylphenidate,43602-330-30,43602033030
methylphenidate,43602-331-05,43602033105
methylphenidate,43602-331-30,43602033130
methylphenidate,57664-621-88,57664062188
methylphenidate,57664-622-88,57664062288
methylphenidate,57664-623-88,57664062388
methylphenidate,57664-624-88,57664062488
methylphenidate,57664-625-88,57664062588
methylphenidate,0527-8112-37,00527811237
methylphenidate,0527-8109-37,00527810937
methylphenidate,16714-567-01,16714056701
methylphenidate,16714-568-01,16714056801
methylphenidate,16714-569-01,16714056901
methylphenidate,57664-626-88,57664062688
methylphenidate,57664-628-88,57664062888
methylphenidate,57664-629-88,57664062988
methylphenidate,63629-2171-1,63629217101
methylphenidate,63629-2172-1,63629217201
methylphenidate,63629-2173-1,63629217301
methylphenidate,63629-2174-1,63629217401
methylphenidate,63629-2175-1,63629217501
methylphenidate,63629-2176-1,63629217601
methylphenidate,63629-2177-1,63629217701
methylphenidate,63629-2178-1,63629217801
methylphenidate,57664-376-18,57664037618
methylphenidate,0527-8113-37,00527811337
methylphenidate,57664-376-88,57664037688
methylphenidate,42858-225-01,42858022501
methylphenidate,42858-410-01,42858041001
methylphenidate,57664-378-13,57664037813
methylphenidate,57664-378-83,57664037883
methylphenidate,57664-378-88,57664037888
methylphenidate,57664-379-88,57664037988
methylphenidate,57664-376-13,57664037613
methylphenidate,57664-379-08,57664037908
methylphenidate,0093-5045-01,00093504501
methylphenidate,43386-860-01,43386086001
methylphenidate,57664-379-13,57664037913
methylphenidate,57664-379-18,57664037918
methylphenidate,63629-2305-1,63629230501
methylphenidate,63629-2306-1,63629230601
methylphenidate,63629-2307-1,63629230701
methylphenidate,0115-9918-01,00115991801
methylphenidate,0115-9919-01,00115991901
methylphenidate,0115-9920-01,00115992001
methylphenidate,0115-9921-01,00115992101
methylphenidate,0115-9922-01,00115992201
methylphenidate,57664-379-83,57664037983
methylphenidate,31722-229-01,31722022901
methylphenidate,43602-332-05,43602033205
methylphenidate,10702-106-01,10702010601
methylphenidate,10702-107-01,10702010701
methylphenidate,10702-108-01,10702010801
methylphenidate,42858-011-01,42858001101
methylphenidate,43602-332-30,43602033230
methylphenidate,43602-333-05,43602033305
methylphenidate,43602-333-30,43602033330
methylphenidate,43602-334-05,43602033405
methylphenidate,43602-334-30,43602033430
methylphenidate,43386-860-03,43386086003
methylphenidate,43386-860-10,43386086010
methylphenidate,43386-861-01,43386086101
methylphenidate,31722-230-01,31722023001
methylphenidate,31722-231-01,31722023101
methylphenidate,31722-232-01,31722023201
methylphenidate,31722-233-01,31722023301
methylphenidate,31722-234-01,31722023401
methylphenidate,31722-235-01,31722023501
methylphenidate,31722-236-01,31722023601
methylphenidate,27808-091-01,27808009101
methylphenidate,27808-092-01,27808009201
methylphenidate,27808-093-01,27808009301
methylphenidate,67877-655-01,67877065501
methylphenidate,67877-655-05,67877065505
methylphenidate,67877-655-30,67877065530
methylphenidate,67877-656-01,67877065601
methylphenidate,67877-656-05,67877065605
methylphenidate,67877-656-30,67877065630
methylphenidate,67877-657-01,67877065701
methylphenidate,67877-657-05,67877065705
methylphenidate,67877-657-30,67877065730
methylphenidate,57664-376-08,57664037608
methylphenidate,57664-378-18,57664037818
methylphenidate,43386-862-01,43386086201
methylphenidate,0115-1682-01,00115168201
methylphenidate,0115-1683-01,00115168301
methylphenidate,0115-1684-01,00115168401
methylphenidate,0115-1685-01,00115168501
methylphenidate,0115-1686-01,00115168601
methylphenidate,0115-1709-01,00115170901
methylphenidate,0115-1710-01,00115171001
methylphenidate,0781-2682-01,00781268201
methylphenidate,0781-2683-01,00781268301
methylphenidate,0781-2684-01,00781268401
methylphenidate,0781-2685-01,00781268501
methylphenidate,0781-2686-01,00781268601
methylphenidate,0781-2687-01,00781268701
methylphenidate,0781-2688-01,00781268801
methylphenidate,0781-2689-01,00781268901
methylphenidate,43386-861-10,43386086110
methylphenidate,0527-8106-37,00527810637
methylphenidate,0527-8107-37,00527810737
methylphenidate,70010-004-01,70010000401
methylphenidate,70010-005-01,70010000501
methylphenidate,70010-006-01,70010000601
methylphenidate,70010-007-01,70010000701
methylphenidate,70010-008-01,70010000801
methylphenidate,70010-009-01,70010000901
methylphenidate,70010-010-01,70010001001
methylphenidate,70010-011-01,70010001101
methylphenidate,0093-5550-01,00093555001
methylphenidate,0093-5551-01,00093555101
methylphenidate,0093-5552-01,00093555201
methylphenidate,0093-5553-01,00093555301
methylphenidate,0093-5554-01,00093555401
methylphenidate,0093-5562-01,00093556201
methylphenidate,0093-5046-01,00093504601
methylphenidate,43386-862-10,43386086210
methylphenidate,16714-562-01,16714056201
methylphenidate,16714-563-01,16714056301
methylphenidate,16714-564-01,16714056401
methylphenidate,0078-0380-05,00078038005
methylphenidate,0078-0381-05,00078038105
methylphenidate,0078-0382-05,00078038205
methylphenidate,0078-0430-05,00078043005
methylphenidate,0078-0431-05,00078043105
methylphenidate,0078-0432-05,00078043205
methylphenidate,0078-0433-05,00078043305
methylphenidate,0078-0434-05,00078043405
methylphenidate,0078-0493-05,00078049305
methylphenidate,0078-0608-05,00078060805
methylphenidate,0078-0609-05,00078060905
methylphenidate,71376-201-03,71376020103
methylphenidate,71376-202-03,71376020203
methylphenidate,71376-203-03,71376020303
methylphenidate,71376-204-03,71376020403
methylphenidate,71376-205-03,71376020503
methylphenidate,59630-755-50,59630075550
methylphenidate,59630-750-50,59630075050
methylphenidate,0781-2361-01,00781236101
methylphenidate,0378-8260-93,00378826093
methylphenidate,0378-8261-93,00378826193
methylphenidate,0378-8262-93,00378826293
methylphenidate,0378-8263-93,00378826393
methylphenidate,10702-163-50,10702016350
methylphenidate,10702-164-50,10702016450
methylphenidate,0781-2362-01,00781236201
methylphenidate,0781-2363-01,00781236301
methylphenidate,0781-2364-01,00781236401
methylphenidate,39328-054-50,39328005450
methylphenidate,39328-154-50,39328015450
methylphenidate,71335-0892-2,71335089202
methylphenidate,31722-926-01,31722092601
methylphenidate,0115-1736-01,00115173601
methylphenidate,0115-1737-01,00115173701
methylphenidate,0115-1738-01,00115173801
methylphenidate,0115-1739-01,00115173901
methylphenidate,0115-1740-01,00115174001
methylphenidate,0115-1741-01,00115174101
methylphenidate,65162-233-03,65162023303
methylphenidate,67877-615-01,67877061501
methylphenidate,0527-3310-37,00527331037
methylphenidate,0527-3311-37,00527331137
methylphenidate,0527-3312-37,00527331237
methylphenidate,0527-3313-37,00527331337
methylphenidate,0591-3854-19,00591385419
methylphenidate,0591-3862-19,00591386219
methylphenidate,0591-3869-19,00591386919
methylphenidate,0591-3873-19,00591387319
methylphenidate,0591-3891-19,00591389119
methylphenidate,0591-3895-19,00591389519
methylphenidate,0591-3902-19,00591390219
methylphenidate,10147-0685-1,10147068501
methylphenidate,10147-0686-1,10147068601
methylphenidate,10147-0687-1,10147068701
methylphenidate,10147-0688-1,10147068801
methylphenidate,57664-229-83,57664022983
methylphenidate,57664-230-13,57664023013
methylphenidate,16729-479-01,16729047901
methylphenidate,16729-480-01,16729048001
methylphenidate,13811-710-30,13811071030
methylphenidate,13107-381-01,13107038101
methylphenidate,31722-174-05,31722017405
methylphenidate,62175-310-37,62175031037
methylphenidate,71930-024-52,71930002452
methylphenidate,71930-025-52,71930002552
methylphenidate,16714-821-01,16714082101
methylphenidate,16714-823-01,16714082301
methylphenidate,0115-1802-01,00115180201
methylphenidate,0115-1800-01,00115180001
methylphenidate,31722-952-01,31722095201
methylphenidate,31722-953-01,31722095301
methylphenidate,31722-954-01,31722095401
methylphenidate,31722-955-01,31722095501
methylphenidate,43386-930-05,43386093005
methylphenidate,71335-0892-3,71335089203
methylphenidate,71335-0892-5,71335089205
methylphenidate,71335-1219-5,71335121905
methylphenidate,42858-075-45,42858007545
methylphenidate,42858-076-45,42858007645
methylphenidate,42858-077-45,42858007745
methylphenidate,42858-078-45,42858007845
methylphenidate,42858-079-45,42858007945
methylphenidate,42858-080-45,42858008045
methylphenidate,42858-081-45,42858008145
methylphenidate,57664-228-13,57664022813
methylphenidate,57664-230-18,57664023018
methylphenidate,57664-230-88,57664023088
methylphenidate,43598-438-01,43598043801
methylphenidate,43598-439-01,43598043901
methylphenidate,43598-440-01,43598044001
methylphenidate,43598-441-01,43598044101
methylphenidate,57664-229-18,57664022918
methylphenidate,57664-230-83,57664023083
methylphenidate,67877-616-01,67877061601
methylphenidate,67877-616-33,67877061633
methylphenidate,67877-617-01,67877061701
methylphenidate,67877-617-33,67877061733
methylphenidate,67877-618-01,67877061801
methylphenidate,67877-618-33,67877061833
methylphenidate,47781-415-01,47781041501
methylphenidate,47781-416-01,47781041601
methylphenidate,47781-418-01,47781041801
methylphenidate,65162-231-03,65162023103
methylphenidate,65162-235-09,65162023509
methylphenidate,63629-1902-1,63629190201
methylphenidate,63629-1903-1,63629190301
methylphenidate,63629-1904-1,63629190401
methylphenidate,31722-175-05,31722017505
methylphenidate,31722-173-05,31722017305
methylphenidate,57664-228-88,57664022888
methylphenidate,65162-233-09,65162023309
methylphenidate,65162-237-03,65162023703
methylphenidate,65162-237-09,65162023709
methylphenidate,57664-228-08,57664022808
methylphenidate,57664-229-13,57664022913
methylphenidate,57664-229-88,57664022988
methylphenidate,40032-570-01,40032057001
methylphenidate,40032-572-01,40032057201
methylphenidate,72865-122-01,72865012201
methylphenidate,72865-122-05,72865012205
methylphenidate,72865-123-01,72865012301
methylphenidate,72865-123-05,72865012305
methylphenidate,72865-124-01,72865012401
methylphenidate,72865-124-05,72865012405
methylphenidate,72865-125-01,72865012501
methylphenidate,72865-126-01,72865012601
methylphenidate,72865-127-01,72865012701
methylphenidate,72865-133-01,72865013301
methylphenidate,72865-134-01,72865013401
methylphenidate,72865-135-01,72865013501
methylphenidate,72865-136-01,72865013601
methylphenidate,50268-528-15,50268052815
methylphenidate,50268-529-15,50268052915
methylphenidate,63629-2459-1,63629245901
methylphenidate,63629-2460-1,63629246001
methylphenidate,63629-2461-1,63629246101
methylphenidate,63629-2462-1,63629246201
methylphenidate,63629-2463-1,63629246301
methylphenidate,51407-527-01,51407052701
methylphenidate,51407-528-01,51407052801
methylphenidate,68084-805-21,68084080521
methylphenidate,63629-1231-1,63629123101
methylphenidate,63629-1919-1,63629191901
methylphenidate,63629-1920-1,63629192001
methylphenidate,71335-0892-4,71335089204
methylphenidate,63629-1921-1,63629192101
methylphenidate,63629-1922-1,63629192201
methylphenidate,63629-1923-1,63629192301
methylphenidate,63629-1924-1,63629192401
methylphenidate,43386-575-01,43386057501
methylphenidate,51991-612-50,51991061250
methylphenidate,62175-312-37,62175031237
methylphenidate,0378-8155-01,00378815501
methylphenidate,0378-8156-01,00378815601
methylphenidate,0378-8157-01,00378815701
methylphenidate,0378-8158-01,00378815801
methylphenidate,43602-177-05,43602017705
methylphenidate,43602-177-25,43602017725
methylphenidate,43602-178-05,43602017805
methylphenidate,43602-178-25,43602017825
methylphenidate,57664-228-18,57664022818
methylphenidate,57664-229-08,57664022908
methylphenidate,57664-606-88,57664060688
methylphenidate,57664-607-88,57664060788
methylphenidate,57664-608-88,57664060888
methylphenidate,57664-609-88,57664060988
methylphenidate,55466-101-12,55466010112
methylphenidate,55466-102-12,55466010212
methylphenidate,55466-103-12,55466010312
methylphenidate,57664-230-08,57664023008
methylphenidate,60687-532-21,60687053221
methylphenidate,60687-543-21,60687054321
methylphenidate,60687-554-21,60687055421
methylphenidate,60687-565-21,60687056521
methylphenidate,0406-0127-01,00406012701
methylphenidate,0406-0136-01,00406013601
methylphenidate,0406-0154-01,00406015401
methylphenidate,0406-1142-01,00406114201
methylphenidate,0406-1142-10,00406114210
methylphenidate,0406-1144-01,00406114401
methylphenidate,0406-1144-10,00406114410
methylphenidate,0406-1146-01,00406114601
methylphenidate,0406-1146-10,00406114610
methylphenidate,0406-1445-01,00406144501
methylphenidate,0406-1473-01,00406147301
methylphenidate,0406-1810-01,00406181001
methylphenidate,0406-1820-01,00406182001
methylphenidate,0406-1830-01,00406183001
methylphenidate,0406-1840-01,00406184001
methylphenidate,0406-1850-01,00406185001
methylphenidate,0406-1860-01,00406186001
methylphenidate,62037-725-01,62037072501
methylphenidate,62037-726-01,62037072601
methylphenidate,62037-727-01,62037072701
methylphenidate,62037-734-01,62037073401
methylphenidate,13811-700-30,13811070030
methylphenidate,13811-711-30,13811071130
methylphenidate,13811-710-10,13811071010
methylphenidate,43547-486-10,43547048610
methylphenidate,43547-487-10,43547048710
methylphenidate,42291-569-90,42291056990
methylphenidate,63629-1172-1,63629117201
methylphenidate,63629-1176-1,63629117601
methylphenidate,16714-822-01,16714082201
methylphenidate,10702-100-01,10702010001
methylphenidate,10702-101-01,10702010101
methylphenidate,10702-102-01,10702010201
methylphenidate,43386-572-01,43386057201
methylphenidate,43386-574-01,43386057401
methylphenidate,43386-575-03,43386057503
methylphenidate,43386-575-05,43386057505
methylphenidate,0115-1801-01,00115180101
methylphenidate,63629-1175-1,63629117501
methylphenidate,65162-231-09,65162023109
methylphenidate,65162-235-03,65162023503
methylphenidate,43386-570-01,43386057001
methylphenidate,43386-571-01,43386057101
methylphenidate,43386-573-30,43386057330
methylphenidate,62175-311-37,62175031137
methylphenidate,64980-221-01,64980022101
methylphenidate,64980-222-01,64980022201
methylphenidate,64980-223-01,64980022301
methylphenidate,13107-380-01,13107038001
methylphenidate,13107-382-01,13107038201
methylphenidate,40032-571-01,40032057101
methylphenidate,71335-0892-1,71335089201
methylphenidate,62175-313-37,62175031337
methylphenidate,42291-568-90,42291056890
methylphenidate,57664-228-83,57664022883
methylphenidate,27808-058-01,27808005801
methylphenidate,27808-059-01,27808005901
methylphenidate,67877-602-91,67877060291
methylphenidate,67877-603-91,67877060391
methylphenidate,51991-611-50,51991061150
methylphenidate,43386-573-05,43386057305
methylphenidate,43386-574-03,43386057403
methylphenidate,43386-574-05,43386057405
methylphenidate,43386-931-05,43386093105
methylphenidate,50268-545-12,50268054512
methylphenidate,50268-546-12,50268054612
methylphenidate,50268-547-12,50268054712
methylphenidate,50268-548-12,50268054812
methylphenidate,68084-823-21,68084082321
methylphenidate,13811-706-10,13811070610
methylphenidate,13811-707-10,13811070710
methylphenidate,13811-708-10,13811070810
methylphenidate,13811-709-10,13811070910
methylphenidate,70010-012-01,70010001201
methylphenidate,70010-013-01,70010001301
methylphenidate,70010-014-01,70010001401
methylphenidate,70010-015-01,70010001501
methylphenidate,70010-016-03,70010001603
methylphenidate,70010-042-01,70010004201
methylphenidate,70010-043-01,70010004301
methylphenidate,43547-488-10,43547048810
methylphenidate,70752-131-14,70752013114
methylphenidate,70752-132-14,70752013214
methylphenidate,31722-173-01,31722017301
methylphenidate,31722-174-01,31722017401
methylphenidate,31722-175-01,31722017501
methylphenidate,42291-571-90,42291057190
methylphenidate,0093-5292-01,00093529201
methylphenidate,0093-5293-01,00093529301
methylphenidate,0093-5295-01,00093529501
methylphenidate,0093-5296-01,00093529601
methylphenidate,0093-5297-01,00093529701
methylphenidate,0093-5298-01,00093529801
methylphenidate,0093-5346-01,00093534601
methylphenidate,0093-5347-01,00093534701
methylphenidate,0093-5348-01,00093534801
methylphenidate,71335-1219-1,71335121901
methylphenidate,71335-1219-2,71335121902
methylphenidate,71335-1219-3,71335121903
methylphenidate,71335-1219-4,71335121904
methylphenidate,42291-570-90,42291057090
methylphenidate,31722-927-01,31722092701
methylphenidate,31722-928-01,31722092801
methylphenidate,16729-478-01,16729047801
methylphenidate,43386-573-01,43386057301
methylphenidate,51862-609-01,51862060901
methylphenidate,51862-610-01,51862061001
methylphenidate,51862-611-01,51862061101
methylphenidate,51862-612-01,51862061201
methylphenidate,51862-614-30,51862061430
methylphenidate,0527-4582-37,00527458237
methylphenidate,0527-4580-37,00527458037
methylphenidate,0527-4581-37,00527458137
methylphenidate,0527-4583-37,00527458337
methylphenidate,0527-4579-37,00527457937
methylphenidate,0527-4584-37,00527458437
methylphenidate,10702-075-01,10702007501
methylphenidate,10702-075-06,10702007506
methylphenidate,10702-076-01,10702007601
methylphenidate,10702-076-06,10702007606
methylphenidate,24478-076-01,24478007601
methylphenidate,24478-075-01,24478007501
methylphenidate,24478-074-01,24478007401
methylphenidate,24478-322-04,24478032204
methylphenidate,24478-323-05,24478032305
methylphenidate,24478-321-02,24478032102
methylphenidate,24478-324-06,24478032406
methylphenidate,68025-084-10,68025008410
methylphenidate,68025-084-30,68025008430
methylphenidate,0078-0370-05,00078037005
methylphenidate,0078-0371-05,00078037105
methylphenidate,0078-0372-05,00078037205
methylphenidate,0078-0424-05,00078042405
methylphenidate,0078-0439-05,00078043905
methylphenidate,0078-0440-05,00078044005
methylphenidate,0078-0441-05,00078044105
modafinil,68180-572-07,68180057207
modafinil,68788-7176-6,68788717606
modafinil,68788-7826-3,68788782603
modafinil,68788-7826-6,68788782606
modafinil,68788-7826-9,68788782609
modafinil,65862-807-05,65862080705
modafinil,63629-7390-1,63629739001
modafinil,63629-7390-2,63629739002
modafinil,63629-7403-1,63629740301
modafinil,63629-7403-2,63629740302
modafinil,71335-1842-1,71335184201
modafinil,71335-1842-2,71335184202
modafinil,71335-1842-3,71335184203
modafinil,72189-041-30,72189004130
modafinil,72189-133-30,72189013330
modafinil,59651-047-30,59651004730
modafinil,65862-805-05,65862080505
modafinil,65862-806-60,65862080660
modafinil,71335-1857-1,71335185701
modafinil,71335-1857-2,71335185702
modafinil,71335-1857-3,71335185703
modafinil,68180-571-02,68180057102
modafinil,0378-3431-93,00378343193
modafinil,0378-3432-93,00378343293
modafinil,0378-3433-93,00378343393
modafinil,72189-353-30,72189035330
modafinil,65862-806-05,65862080605
modafinil,65862-806-30,65862080630
modafinil,65862-807-60,65862080760
modafinil,0781-8029-31,00781802931
modafinil,0781-8037-31,00781803731
modafinil,0781-8045-31,00781804531
modafinil,0781-8053-31,00781805331
modafinil,68180-571-07,68180057107
modafinil,68788-7880-3,68788788003
modafinil,68788-7880-6,68788788006
modafinil,68788-7880-9,68788788009
modafinil,71335-0681-1,71335068101
modafinil,71335-0681-2,71335068102
modafinil,71335-0710-1,71335071001
modafinil,71335-0710-2,71335071002
modafinil,55700-510-30,55700051030
modafinil,63629-7390-3,63629739003
modafinil,63629-7403-3,63629740303
modafinil,68788-7176-9,68788717609
modafinil,68180-573-02,68180057302
modafinil,65862-998-30,65862099830
modafinil,65862-805-30,65862080530
modafinil,65862-807-30,65862080730
modafinil,68788-7222-3,68788722203
modafinil,68788-7222-6,68788722206
modafinil,68788-7222-9,68788722209
modafinil,68788-7593-3,68788759303
modafinil,68788-7593-6,68788759306
modafinil,68788-7593-9,68788759309
modafinil,68788-7176-3,68788717603
modafinil,68180-569-07,68180056907
modafinil,65862-805-60,65862080560
modafinil,68180-572-02,68180057202
modafinil,68180-573-07,68180057307
modafinil,72189-261-30,72189026130
modafinil,71335-0681-3,71335068103
modafinil,71335-0710-3,71335071003
modafinil,72789-126-90,72789012690
modafinil,0093-3090-56,00093309056
modafinil,0093-3092-56,00093309256
modafinil,0093-3093-56,00093309356
modafinil,0093-3094-56,00093309456
modafinil,71335-1193-1,71335119301
modafinil,71335-1193-2,71335119302
modafinil,71335-1193-3,71335119303
modafinil,71335-1308-1,71335130801
modafinil,71335-1308-2,71335130802
modafinil,71335-1308-3,71335130803
modafinil,55253-801-30,55253080130
modafinil,42043-160-90,42043016090
modafinil,50268-571-12,50268057112
modafinil,71335-1402-8,71335140208
modafinil,71335-1402-9,71335140209
modafinil,71335-1793-5,71335179305
modafinil,71335-1793-6,71335179306
modafinil,69452-342-13,69452034213
modafinil,69452-342-19,69452034219
modafinil,69452-342-20,69452034220
modafinil,69452-343-13,69452034313
modafinil,69452-343-19,69452034319
modafinil,69452-343-20,69452034320
modafinil,46708-385-91,46708038591
modafinil,46708-386-10,46708038610
modafinil,0904-6791-04,00904679104
modafinil,0904-6792-04,00904679204
modafinil,65862-602-05,65862060205
modafinil,62332-385-30,62332038530
modafinil,62332-386-10,62332038610
modafinil,70771-1051-9,70771105109
modafinil,57237-154-30,57237015430
modafinil,68084-621-21,68084062121
modafinil,62332-386-91,62332038691
modafinil,50268-570-12,50268057012
modafinil,63629-7315-1,63629731501
modafinil,46708-385-90,46708038590
modafinil,57237-155-01,57237015501
modafinil,57237-155-30,57237015530
modafinil,43353-925-53,43353092553
modafinil,71335-1096-8,71335109608
modafinil,71335-1096-9,71335109609
modafinil,62332-385-90,62332038590
modafinil,46708-386-90,46708038690
modafinil,71335-1122-5,71335112205
modafinil,71335-1122-6,71335112206
modafinil,57237-154-01,57237015401
modafinil,62332-386-60,62332038660
modafinil,65862-602-01,65862060201
modafinil,70771-1051-1,70771105101
modafinil,63629-7315-3,63629731503
modafinil,65862-601-99,65862060199
modafinil,65862-602-90,65862060290
modafinil,63629-7315-8,63629731508
modafinil,72578-005-01,72578000501
modafinil,72578-005-06,72578000506
modafinil,72578-005-16,72578000516
modafinil,72578-006-01,72578000601
modafinil,72578-006-06,72578000606
modafinil,72578-006-16,72578000616
modafinil,42043-161-01,42043016101
modafinil,42043-161-90,42043016190
modafinil,65862-601-90,65862060190
modafinil,57237-154-90,57237015490
modafinil,62332-386-30,62332038630
modafinil,71205-544-30,71205054430
modafinil,71205-544-60,71205054460
modafinil,71205-544-90,71205054490
modafinil,68071-2844-3,68071284403
modafinil,70771-1052-3,70771105203
modafinil,50090-3865-0,50090386500
modafinil,50090-4144-0,50090414400
modafinil,43353-925-30,43353092530
modafinil,70771-1052-1,70771105201
modafinil,70771-1051-3,70771105103
modafinil,42043-161-03,42043016103
modafinil,71335-1173-1,71335117301
modafinil,71335-1173-2,71335117302
modafinil,71335-1173-3,71335117303
modafinil,71335-1173-4,71335117304
modafinil,71335-1173-5,71335117305
modafinil,71335-1173-6,71335117306
modafinil,71335-1173-7,71335117307
modafinil,71335-1173-8,71335117308
modafinil,71335-1173-9,71335117309
modafinil,63629-4998-1,63629499801
modafinil,63629-4998-2,63629499802
modafinil,63629-4998-3,63629499803
modafinil,63629-4998-4,63629499804
modafinil,0904-6423-04,00904642304
modafinil,0904-6424-04,00904642404
modafinil,46708-386-60,46708038660
modafinil,46708-386-91,46708038691
modafinil,55253-802-30,55253080230
modafinil,42043-160-01,42043016001
modafinil,68071-5121-3,68071512103
modafinil,57237-155-90,57237015590
modafinil,46708-386-30,46708038630
modafinil,55700-695-30,55700069530
modafinil,63629-7315-9,63629731509
modafinil,46708-385-10,46708038510
modafinil,46708-385-60,46708038560
modafinil,63629-7315-4,63629731504
modafinil,60505-2526-3,60505252603
modafinil,63629-7315-7,63629731507
modafinil,70771-1052-9,70771105209
modafinil,62332-385-10,62332038510
modafinil,62332-385-60,62332038560
modafinil,62332-386-90,62332038690
modafinil,68788-7432-3,68788743203
modafinil,68788-7432-6,68788743206
modafinil,68788-7432-9,68788743209
modafinil,60505-2526-1,60505252601
modafinil,71335-1793-1,71335179301
modafinil,71335-1793-2,71335179302
modafinil,71335-1793-3,71335179303
modafinil,71335-1793-4,71335179304
modafinil,63629-7315-2,63629731502
modafinil,63629-7315-5,63629731505
modafinil,65862-601-01,65862060101
modafinil,65862-601-30,65862060130
modafinil,65862-602-30,65862060230
modafinil,60505-2527-1,60505252701
modafinil,60505-2527-3,60505252703
modafinil,68084-721-21,68084072121
modafinil,62332-385-91,62332038591
modafinil,55253-801-90,55253080190
modafinil,68788-8079-3,68788807903
modafinil,68788-8079-6,68788807906
modafinil,68788-8079-9,68788807909
modafinil,23155-604-01,23155060401
modafinil,23155-604-03,23155060403
modafinil,23155-604-05,23155060405
modafinil,23155-604-09,23155060409
modafinil,23155-605-01,23155060501
modafinil,23155-605-03,23155060503
modafinil,23155-605-05,23155060505
modafinil,23155-605-09,23155060509
modafinil,71205-477-30,71205047730
modafinil,71205-477-60,71205047760
modafinil,71205-477-90,71205047790
modafinil,46708-385-30,46708038530
modafinil,71335-1096-1,71335109601
modafinil,71335-1096-2,71335109602
modafinil,71335-1096-3,71335109603
modafinil,71335-1096-4,71335109604
modafinil,71335-1096-5,71335109605
modafinil,71335-1096-6,71335109606
modafinil,71335-1096-7,71335109607
modafinil,63629-7315-6,63629731506
modafinil,71335-1122-1,71335112201
modafinil,71335-1122-2,71335112202
modafinil,71335-1122-3,71335112203
modafinil,71335-1122-4,71335112204
modafinil,42043-160-03,42043016003
modafinil,55253-802-90,55253080290
modafinil,71335-1402-1,71335140201
modafinil,71335-1402-2,71335140202
modafinil,71335-1402-3,71335140203
modafinil,71335-1402-4,71335140204
modafinil,71335-1402-5,71335140205
modafinil,71335-1402-6,71335140206
modafinil,71335-1402-7,71335140207
modafinil,63459-215-35,63459021535
modafinil,63459-225-35,63459022535
modafinil,63459-205-30,63459020530
modafinil,63459-215-30,63459021530
modafinil,63459-220-30,63459022030
modafinil,63459-225-30,63459022530
modafinil,63459-220-35,63459022035
modafinil,63459-201-30,63459020130
modafinil,63459-101-30,63459010130
